time,voltage
0.0,214.64
0.03,214.63
0.07,211.53
0.1,210.16
0.13,215.14
0.17,213.13
0.2,204.77
0.23,211.44
0.27,215.7
0.3,213.23
0.33,207.2
0.37,208.33
0.4,222.21
0.43,218.98
0.47,212.21
0.5,214.15
0.53,214.16
0.57,214.72
0.6,209.48
0.63,210.33
0.67,210.92
0.7,212.28
0.73,217.51
0.77,209.05
0.8,207.15
0.83,215.43
0.87,216.1
0.9,219.77
0.93,210.86
0.97,208.22
1.0,221.83
1.03,226.45
1.07,221.27
1.1,226.61
1.13,238.21
1.17,229.54
1.2,224.99
1.23,222.63
1.27,221.26
1.3,226.43
1.33,210.32
1.37,217.08
1.4,226.46
1.43,226.26
1.47,223.71
1.5,217.96
1.53,222.32
1.57,233.42
1.6,225.15
1.63,226.38
1.67,221.56
1.7,217.0
1.73,228.55
1.77,229.62
1.8,232.67
1.83,221.2
1.87,225.84
1.9,225.68
1.93,222.8
1.97,227.11
2.0,225.61
2.03,226.06
2.07,214.26
2.1,222.51
2.13,222.78
2.17,226.45
2.2,217.17
2.23,229.48
2.27,224.44
2.3,220.66
2.33,225.71
2.37,226.19
2.4,221.63
2.43,233.31
2.47,229.86
2.5,233.11
2.53,233.43
2.57,219.95
2.6,228.28
2.63,221.12
2.67,215.46
2.7,231.1
2.73,223.96
2.77,221.92
2.8,229.15
2.83,218.18
2.87,218.68
2.9,222.93
2.93,218.01
2.97,230.68
3.0,228.03
3.03,208.92
3.07,215.86
3.1,201.46
3.13,218.19
3.17,212.17
3.2,217.59
3.23,216.99
3.27,218.22
3.3,225.76
3.33,215.89
3.37,208.69
3.4,215.3
3.43,214.0
3.47,209.79
3.5,213.99
3.53,217.72
3.57,215.7
3.6,213.13
3.63,214.14
3.67,224.01
3.7,212.86
3.73,218.2
3.77,211.21
3.8,215.49
3.83,220.61
3.87,209.11
3.9,210.58
3.93,217.0
3.97,221.18
4.0,216.86
4.03,205.12
4.07,214.11
4.1,216.77
4.13,207.22
4.17,216.91
4.2,214.46
4.23,219.34
4.27,214.69
4.3,209.4
4.33,209.5
4.37,208.95
4.4,217.24
4.43,220.63
4.47,215.36
4.5,215.66
4.53,207.81
4.57,211.36
4.6,217.73
4.63,216.84
4.67,221.95
4.7,211.7
4.73,215.35
4.77,218.91
4.8,217.7
4.83,219.02
4.87,220.32
4.9,224.63
4.93,213.37
4.97,211.4
5.0,232.2
5.03,230.39
5.07,221.73
5.1,221.0
5.13,222.12
5.17,225.48
5.2,226.49
5.23,222.66
5.27,216.9
5.3,233.4
5.33,237.16
5.37,225.2
5.4,216.82
5.43,225.1
5.47,218.26
5.5,225.93
5.53,231.83
5.57,231.11
5.6,216.95
5.63,224.47
5.67,223.05
5.7,217.47
5.73,228.71
5.77,228.01
5.8,220.31
5.83,226.28
5.87,231.23
5.9,217.7
5.93,228.42
5.97,221.49
6.0,221.82
6.03,222.88
6.07,230.81
6.1,229.08
6.13,227.45
6.17,235.56
6.2,225.81
6.23,240.91
6.27,235.69
6.3,225.62
6.33,223.15
6.37,232.71
6.4,220.97
6.43,229.54
6.47,217.84
6.5,222.02
6.53,216.93
6.57,221.47
6.6,224.69
6.63,221.81
6.67,220.9
6.7,221.61
6.73,221.35
6.77,231.82
6.8,236.98
6.83,226.78
6.87,231.02
6.9,224.97
6.93,222.5
6.97,226.19
7.0,208.91
7.03,212.74
7.07,217.35
7.1,219.74
7.13,215.12
7.17,203.25
7.2,206.97
7.23,210.08
7.27,214.55
7.3,210.76
7.33,216.6
7.37,214.24
7.4,210.72
7.43,222.51
7.47,215.64
7.5,212.1
7.53,217.14
7.57,218.53
7.6,211.29
7.63,216.44
7.67,216.58
7.7,208.48
7.73,212.27
7.77,213.2
7.8,224.03
7.83,219.58
7.87,210.56
7.9,216.01
7.93,209.04
7.97,204.85
8.0,225.38
8.03,216.15
8.07,211.05
8.1,209.57
8.13,220.61
8.17,218.81
8.2,213.81
8.23,219.71
8.27,205.63
8.3,217.57
8.33,202.38
8.37,223.89
8.4,217.95
8.43,217.45
8.47,213.6
8.5,214.87
8.53,222.58
8.57,216.91
8.6,210.27
8.63,204.81
8.67,217.6
8.7,225.27
8.73,212.01
8.77,212.89
8.8,209.94
8.83,216.76
8.87,210.38
8.9,220.85
8.93,223.17
8.97,211.52
9.0,217.76
9.03,218.4
9.07,224.26
9.1,215.49
9.13,212.34
9.17,214.56
9.2,215.62
9.23,210.78
9.27,221.35
9.3,215.25
9.33,211.26
9.37,213.34
9.4,210.51
9.43,226.06
9.47,216.06
9.5,210.63
9.53,215.66
9.57,218.39
9.6,207.69
9.63,217.52
9.67,215.27
9.7,219.12
9.73,212.07
9.77,218.96
9.8,216.71
9.83,213.51
9.87,208.69
9.9,211.98
9.93,221.5
9.97,218.69
10.0,228.04
10.03,225.45
10.07,214.39
10.1,234.15
10.13,220.37
10.17,222.19
10.2,231.73
10.23,227.99
10.27,221.56
10.3,229.19
10.33,230.08
10.37,228.23
10.4,231.26
10.43,216.37
10.47,224.19
10.5,221.28
10.53,223.56
10.57,225.11
10.6,226.89
10.63,228.16
10.67,234.0
10.7,227.88
10.73,228.06
10.77,225.16
10.8,230.36
10.83,221.69
10.87,226.21
10.9,216.84
10.93,225.96
10.97,227.89
11.0,219.83
11.03,220.72
11.07,228.16
11.1,226.3
11.13,227.71
11.17,215.58
11.2,232.75
11.23,247.12
11.27,223.19
11.3,224.37
11.33,219.29
11.37,219.49
11.4,216.58
11.43,218.52
11.47,227.92
11.5,222.48
11.53,213.16
11.57,225.6
11.6,224.07
11.63,223.03
11.67,213.93
11.7,223.26
11.73,220.96
11.77,217.8
11.8,220.76
11.83,222.39
11.87,228.97
11.9,224.48
11.93,226.78
11.97,222.97
12.0,219.78
12.03,216.16
12.07,226.12
12.1,217.48
12.13,215.87
12.17,217.79
12.2,211.04
12.23,219.84
12.27,212.32
12.3,207.08
12.33,213.09
12.37,221.98
12.4,208.42
12.43,212.97
12.47,212.89
12.5,215.82
12.53,212.06
12.57,214.56
12.6,210.16
12.63,220.3
12.67,218.92
12.7,215.27
12.73,207.77
12.77,215.01
12.8,211.33
12.83,214.86
12.87,204.56
12.9,223.13
12.93,223.15
12.97,219.93
13.0,223.35
13.03,226.5
13.07,221.49
13.1,228.98
13.13,215.06
13.17,229.12
13.2,225.26
13.23,220.73
13.27,227.46
13.3,224.28
13.33,222.91
13.37,236.37
13.4,220.58
13.43,222.92
13.47,228.81
13.5,225.98
13.53,222.37
13.57,221.68
13.6,228.0
13.63,222.31
13.67,220.86
13.7,228.12
13.73,231.99
13.77,232.06
13.8,222.34
13.83,226.86
13.87,220.4
13.9,225.55
13.93,216.74
13.97,216.18
14.0,233.29
14.03,228.75
14.07,223.45
14.1,223.83
14.13,227.22
14.17,227.22
14.2,220.47
14.23,219.89
14.27,229.37
14.3,223.04
14.33,228.7
14.37,232.07
14.4,224.75
14.43,225.71
14.47,218.68
14.5,231.19
14.53,227.18
14.57,226.21
14.6,222.28
14.63,217.78
14.67,216.18
14.7,223.84
14.73,216.67
14.77,234.45
14.8,227.46
14.83,228.1
14.87,224.99
14.9,223.83
14.93,233.3
14.97,225.36
15.0,214.14
15.03,215.29
15.07,207.55
15.1,221.03
15.13,212.86
15.17,208.86
15.2,208.03
15.23,218.5
15.27,212.13
15.3,208.3
15.33,201.82
15.37,222.07
15.4,226.38
15.43,220.04
15.47,213.91
15.5,211.05
15.53,214.74
15.57,207.62
15.6,208.63
15.63,200.98
15.67,216.15
15.7,209.64
15.73,208.97
15.77,208.05
15.8,221.81
15.83,214.8
15.87,222.57
15.9,202.2
15.93,218.25
15.97,214.68
16.0,223.53
16.03,230.98
16.07,221.68
16.1,228.81
16.13,229.09
16.17,223.79
16.2,220.72
16.23,222.11
16.27,224.23
16.3,229.66
16.33,232.31
16.37,224.74
16.4,237.0
16.43,224.14
16.47,214.07
16.5,224.51
16.53,218.89
16.57,226.66
16.6,236.01
16.63,232.52
16.67,229.26
16.7,216.63
16.73,224.35
16.77,222.0
16.8,231.73
16.83,223.69
16.87,229.86
16.9,223.74
16.93,230.06
16.97,222.36
17.0,215.61
17.03,219.32
17.07,211.8
17.1,218.26
17.13,209.65
17.17,209.22
17.2,210.83
17.23,216.38
17.27,221.13
17.3,217.06
17.33,219.72
17.37,215.41
17.4,209.65
17.43,218.68
17.47,220.38
17.5,210.66
17.53,212.85
17.57,220.74
17.6,214.15
17.63,214.29
17.67,224.32
17.7,219.91
17.73,214.47
17.77,208.61
17.8,220.14
17.83,210.92
17.87,209.03
17.9,213.99
17.93,225.54
17.97,217.64
18.0,215.51
18.03,222.69
18.07,210.97
18.1,217.47
18.13,209.52
18.17,211.77
18.2,213.74
18.23,211.9
18.27,219.81
18.3,208.75
18.33,210.37
18.37,217.14
18.4,212.55
18.43,216.57
18.47,221.26
18.5,215.38
18.53,215.02
18.57,205.7
18.6,216.87
18.63,213.88
18.67,217.84
18.7,214.67
18.73,215.13
18.77,216.91
18.8,221.59
18.83,225.35
18.87,215.09
18.9,213.67
18.93,205.24
18.97,216.12
19.0,225.81
19.03,213.09
19.07,220.94
19.1,214.23
19.13,216.49
19.17,211.89
19.2,220.77
19.23,224.76
19.27,220.56
19.3,218.41
19.33,215.97
19.37,222.85
19.4,217.34
19.43,214.14
19.47,214.3
19.5,210.14
19.53,216.52
19.57,211.22
19.6,220.62
19.63,217.34
19.67,205.09
19.7,209.25
19.73,214.82
19.77,219.05
19.8,206.96
19.83,211.9
19.87,216.38
19.9,215.27
19.93,212.41
19.97,223.16
20.0,206.56
20.03,216.68
20.07,223.71
20.1,216.6
20.13,215.85
20.17,209.67
20.2,217.97
20.23,217.31
20.27,212.14
20.3,213.07
20.33,217.9
20.37,216.14
20.4,216.84
20.43,212.69
20.47,211.88
20.5,203.68
20.53,212.28
20.57,216.96
20.6,218.11
20.63,222.36
20.67,214.97
20.7,213.14
20.73,209.75
20.77,216.86
20.8,207.37
20.83,224.44
20.87,203.73
20.9,207.35
20.93,213.02
20.97,219.17
21.0,235.08
21.03,219.04
21.07,226.42
21.1,227.47
21.13,230.96
21.17,236.61
21.2,223.38
21.23,228.63
21.27,221.16
21.3,231.44
21.33,224.86
21.37,228.38
21.4,221.51
21.43,220.24
21.47,227.86
21.5,223.94
21.53,223.34
21.57,223.29
21.6,230.22
21.63,224.71
21.67,220.76
21.7,219.04
21.73,223.35
21.77,223.37
21.8,225.6
21.83,221.31
21.87,228.72
21.9,223.22
21.93,225.56
21.97,231.43
22.0,234.49
22.03,227.87
22.07,232.94
22.1,222.57
22.13,217.27
22.17,228.21
22.2,227.04
22.23,230.19
22.27,222.43
22.3,226.3
22.33,225.58
22.37,234.02
22.4,225.42
22.43,222.53
22.47,224.19
22.5,227.37
22.53,220.96
22.57,223.24
22.6,229.52
22.63,220.81
22.67,227.25
22.7,227.68
22.73,228.75
22.77,234.13
22.8,231.21
22.83,219.7
22.87,230.94
22.9,234.41
22.93,231.19
22.97,219.82
23.0,213.62
23.03,224.72
23.07,220.83
23.1,215.26
23.13,209.34
23.17,223.75
23.2,220.85
23.23,220.0
23.27,215.8
23.3,218.74
23.33,217.88
23.37,223.94
23.4,204.89
23.43,211.76
23.47,218.09
23.5,215.68
23.53,218.17
23.57,215.65
23.6,214.77
23.63,215.52
23.67,213.87
23.7,208.58
23.73,219.68
23.77,216.02
23.8,217.01
23.83,208.08
23.87,216.83
23.9,214.13
23.93,211.65
23.97,212.99
24.0,223.11
24.03,224.58
24.07,229.65
24.1,230.62
24.13,233.68
24.17,230.46
24.2,219.43
24.23,220.5
24.27,224.07
24.3,220.0
24.33,220.38
24.37,219.76
24.4,228.65
24.43,218.47
24.47,229.51
24.5,225.29
24.53,219.84
24.57,220.25
24.6,229.26
24.63,224.2
24.67,228.88
24.7,224.65
24.73,223.34
24.77,218.36
24.8,227.5
24.83,238.33
24.87,223.37
24.9,229.89
24.93,229.81
24.97,225.75
25.0,224.15
25.03,222.89
25.07,216.36
25.1,221.1
25.13,229.96
25.17,228.1
25.2,226.38
25.23,221.78
25.27,231.18
25.3,227.11
25.33,228.39
25.37,234.86
25.4,216.78
25.43,215.84
25.47,220.48
25.5,233.72
25.53,217.02
25.57,223.93
25.6,223.41
25.63,236.8
25.67,230.42
25.7,223.84
25.73,225.85
25.77,221.53
25.8,226.07
25.83,223.51
25.87,220.33
25.9,233.42
25.93,224.13
25.97,224.06
26.0,214.89
26.03,224.96
26.07,233.96
26.1,227.95
26.13,223.74
26.17,217.71
26.2,231.92
26.23,228.89
26.27,222.54
26.3,227.7
26.33,225.32
26.37,227.89
26.4,224.5
26.43,218.62
26.47,218.14
26.5,232.97
26.53,227.46
26.57,227.33
26.6,224.1
26.63,233.07
26.67,227.63
26.7,223.8
26.73,221.91
26.77,228.55
26.8,219.42
26.83,227.34
26.87,218.24
26.9,231.81
26.93,222.81
26.97,221.83
27.0,210.92
27.03,218.87
27.07,214.62
27.1,215.06
27.13,206.03
27.17,218.7
27.2,214.22
27.23,216.8
27.27,224.1
27.3,215.54
27.33,211.71
27.37,215.16
27.4,221.47
27.43,216.27
27.47,214.1
27.5,213.48
27.53,215.4
27.57,218.99
27.6,218.13
27.63,219.83
27.67,215.51
27.7,216.01
27.73,211.35
27.77,212.34
27.8,217.49
27.83,219.36
27.87,213.04
27.9,210.13
27.93,216.33
27.97,218.78
28.0,218.98
28.03,215.15
28.07,217.31
28.1,217.77
28.13,228.03
28.17,209.19
28.2,219.74
28.23,207.07
28.27,212.62
28.3,216.23
28.33,207.79
28.37,216.28
28.4,214.95
28.43,216.51
28.47,212.09
28.5,215.16
28.53,209.97
28.57,213.96
28.6,206.03
28.63,215.51
28.67,218.6
28.7,218.86
28.73,208.48
28.77,211.38
28.8,222.15
28.83,225.0
28.87,218.09
28.9,215.47
28.93,207.54
28.97,218.0
29.0,226.45
29.03,225.89
29.07,227.86
29.1,219.28
29.13,220.61
29.17,231.85
29.2,224.68
29.23,227.3
29.27,220.25
29.3,230.9
29.33,226.39
29.37,226.4
29.4,221.12
29.43,222.71
29.47,220.79
29.5,221.72
29.53,226.51
29.57,229.49
29.6,222.51
29.63,228.87
29.67,222.53
29.7,226.72
29.73,226.72
29.77,227.58
29.8,222.22
29.83,219.09
29.87,223.37
29.9,232.24
29.93,226.97
29.97,221.96
30.0,224.99
30.03,227.51
30.07,221.83
30.1,228.49
30.13,226.77
30.17,218.09
30.2,234.97
30.23,219.93
30.27,223.11
30.3,232.48
30.33,227.7
30.37,225.56
30.4,220.45
30.43,217.63
30.47,219.14
30.5,221.72
30.53,220.09
30.57,222.27
30.6,217.0
30.63,227.66
30.67,226.87
30.7,225.21
30.73,222.43
30.77,233.84
30.8,221.8
30.83,222.06
30.87,228.64
30.9,222.37
30.93,223.81
30.97,225.74
31.0,222.44
31.03,214.4
31.07,210.12
31.1,217.14
31.13,216.1
31.17,211.36
31.2,223.18
31.23,213.17
31.27,216.39
31.3,216.63
31.33,218.1
31.37,221.54
31.4,211.94
31.43,224.96
31.47,213.49
31.5,210.78
31.53,222.13
31.57,220.32
31.6,206.84
31.63,220.99
31.67,211.5
31.7,215.19
31.73,213.69
31.77,210.34
31.8,216.48
31.83,212.47
31.87,212.14
31.9,217.25
31.93,212.28
31.97,217.18
32.0,229.01
32.03,225.42
32.07,231.18
32.1,222.47
32.13,222.52
32.17,225.98
32.2,232.38
32.23,224.43
32.27,218.93
32.3,225.98
32.33,225.77
32.37,230.16
32.4,222.57
32.43,216.96
32.47,220.51
32.5,231.71
32.53,228.34
32.57,237.13
32.6,231.14
32.63,217.04
32.67,226.46
32.7,217.16
32.73,228.4
32.77,221.89
32.8,225.02
32.83,223.94
32.87,229.98
32.9,219.91
32.93,222.3
32.97,229.33
33.0,224.3
33.03,220.48
33.07,219.55
33.1,219.97
33.13,218.46
33.17,228.99
33.2,223.09
33.23,216.93
33.27,230.36
33.3,229.82
33.33,216.78
33.37,225.04
33.4,223.92
33.43,225.63
33.47,225.23
33.5,229.13
33.53,216.97
33.57,220.91
33.6,230.26
33.63,219.89
33.67,223.98
33.7,223.04
33.73,227.87
33.77,228.65
33.8,223.82
33.83,226.55
33.87,223.19
33.9,219.73
33.93,227.19
33.97,219.81
34.0,216.53
34.03,220.47
34.07,215.81
34.1,205.25
34.13,206.0
34.17,220.6
34.2,214.85
34.23,215.95
34.27,210.37
34.3,223.85
34.33,218.49
34.37,216.17
34.4,211.26
34.43,222.2
34.47,220.31
34.5,225.91
34.53,209.29
34.57,226.71
34.6,219.65
34.63,219.53
34.67,214.23
34.7,210.61
34.73,217.96
34.77,213.78
34.8,217.63
34.83,214.13
34.87,219.11
34.9,211.03
34.93,209.45
34.97,218.55
35.0,220.41
35.03,229.35
35.07,228.28
35.1,220.5
35.13,221.72
35.17,233.11
35.2,224.5
35.23,217.19
35.27,220.79
35.3,228.5
35.33,222.51
35.37,216.96
35.4,221.98
35.43,225.9
35.47,224.28
35.5,233.58
35.53,219.77
35.57,228.54
35.6,219.57
35.63,223.78
35.67,224.38
35.7,220.29
35.73,222.53
35.77,223.35
35.8,225.66
35.83,217.12
35.87,221.31
35.9,216.52
35.93,216.75
35.97,229.11
36.0,226.88
36.03,230.6
36.07,223.21
36.1,226.33
36.13,227.67
36.17,226.19
36.2,222.01
36.23,218.73
36.27,220.47
36.3,231.5
36.33,219.13
36.37,228.62
36.4,222.68
36.43,218.14
36.47,226.13
36.5,220.91
36.53,225.48
36.57,224.93
36.6,226.27
36.63,227.35
36.67,225.55
36.7,217.54
36.73,221.42
36.77,225.8
36.8,224.61
36.83,226.09
36.87,240.2
36.9,226.78
36.93,226.71
36.97,229.39
37.0,216.84
37.03,225.93
37.07,217.12
37.1,215.51
37.13,226.39
37.17,217.17
37.2,230.8
37.23,226.3
37.27,231.06
37.3,231.13
37.33,227.65
37.37,233.7
37.4,226.07
37.43,221.59
37.47,224.58
37.5,219.46
37.53,223.85
37.57,224.18
37.6,224.07
37.63,225.24
37.67,225.01
37.7,228.29
37.73,221.14
37.77,219.74
37.8,227.14
37.83,220.53
37.87,221.64
37.9,218.89
37.93,227.24
37.97,222.88
38.0,222.63
38.03,231.15
38.07,221.31
38.1,225.39
38.13,226.82
38.17,219.54
38.2,226.06
38.23,222.53
38.27,225.84
38.3,222.37
38.33,227.86
38.37,225.25
38.4,224.51
38.43,221.85
38.47,221.56
38.5,220.89
38.53,230.43
38.57,226.08
38.6,222.86
38.63,220.38
38.67,229.24
38.7,215.6
38.73,229.51
38.77,225.18
38.8,229.78
38.83,216.57
38.87,219.33
38.9,218.1
38.93,224.22
38.97,226.47
39.0,221.96
39.03,218.2
39.07,211.5
39.1,226.55
39.13,220.69
39.17,222.38
39.2,215.12
39.23,222.48
39.27,214.51
39.3,219.76
39.33,212.02
39.37,211.13
39.4,218.31
39.43,219.43
39.47,217.41
39.5,213.49
39.53,211.89
39.57,212.01
39.6,219.76
39.63,205.72
39.67,211.55
39.7,206.58
39.73,210.75
39.77,220.64
39.8,221.22
39.83,220.37
39.87,224.01
39.9,220.26
39.93,215.33
39.97,224.84
40.0,229.35
40.03,217.81
40.07,225.77
40.1,220.23
40.13,216.15
40.17,227.47
40.2,224.66
40.23,223.44
40.27,221.09
40.3,224.09
40.33,230.59
40.37,226.49
40.4,224.55
40.43,217.92
40.47,219.95
40.5,234.31
40.53,225.47
40.57,226.99
40.6,219.02
40.63,218.13
40.67,228.06
40.7,224.26
40.73,223.4
40.77,234.61
40.8,232.9
40.83,232.48
40.87,228.6
40.9,229.64
40.93,223.37
40.97,231.68
41.0,216.55
41.03,212.52
41.07,228.56
41.1,218.73
41.13,211.3
41.17,213.9
41.2,218.05
41.23,221.47
41.27,222.02
41.3,210.67
41.33,210.11
41.37,216.3
41.4,221.16
41.43,216.59
41.47,217.52
41.5,210.57
41.53,210.36
41.57,219.07
41.6,213.36
41.63,208.9
41.67,219.22
41.7,221.45
41.73,220.65
41.77,210.9
41.8,214.2
41.83,219.96
41.87,207.45
41.9,210.82
41.93,225.8
41.97,214.24
42.0,229.58
42.03,222.64
42.07,230.07
42.1,229.84
42.13,228.1
42.17,221.61
42.2,227.99
42.23,229.86
42.27,229.61
42.3,231.76
42.33,225.77
42.37,232.22
42.4,216.28
42.43,222.33
42.47,231.63
42.5,226.06
42.53,227.25
42.57,229.67
42.6,225.65
42.63,228.73
42.67,223.85
42.7,230.47
42.73,226.22
42.77,221.78
42.8,214.31
42.83,230.67
42.87,226.74
42.9,231.58
42.93,229.3
42.97,226.17
43.0,218.49
43.03,208.63
43.07,210.63
43.1,216.63
43.13,209.53
43.17,207.84
43.2,219.12
43.23,218.83
43.27,213.22
43.3,216.09
43.33,213.29
43.37,217.66
43.4,220.39
43.43,217.03
43.47,202.9
43.5,214.63
43.53,211.52
43.57,212.12
43.6,207.4
43.63,211.35
43.67,214.82
43.7,209.61
43.73,216.32
43.77,214.93
43.8,210.66
43.83,212.64
43.87,222.57
43.9,214.28
43.93,224.52
43.97,218.15
44.0,218.42
44.03,215.41
44.07,217.51
44.1,211.19
44.13,220.08
44.17,220.84
44.2,209.29
44.23,212.66
44.27,204.25
44.3,222.56
44.33,203.87
44.37,209.71
44.4,209.54
44.43,226.1
44.47,217.81
44.5,210.51
44.53,204.06
44.57,214.82
44.6,211.44
44.63,218.57
44.67,214.74
44.7,213.37
44.73,217.41
44.77,218.69
44.8,213.9
44.83,214.25
44.87,212.11
44.9,206.85
44.93,209.99
44.97,209.7
45.0,222.92
45.03,229.55
45.07,224.59
45.1,226.75
45.13,224.44
45.17,226.96
45.2,228.0
45.23,221.63
45.27,226.84
45.3,224.38
45.33,216.5
45.37,231.17
45.4,230.05
45.43,221.32
45.47,226.4
45.5,226.41
45.53,223.97
45.57,228.8
45.6,227.35
45.63,227.2
45.67,218.28
45.7,228.19
45.73,230.66
45.77,226.88
45.8,226.73
45.83,226.74
45.87,210.37
45.9,224.39
45.93,211.26
45.97,224.88
46.0,232.12
46.03,219.81
46.07,226.17
46.1,224.24
46.13,222.74
46.17,225.27
46.2,226.42
46.23,232.51
46.27,224.17
46.3,222.0
46.33,227.83
46.37,232.64
46.4,220.46
46.43,214.64
46.47,233.61
46.5,229.9
46.53,221.8
46.57,220.39
46.6,229.59
46.63,221.24
46.67,222.97
46.7,226.07
46.73,217.16
46.77,230.04
46.8,222.38
46.83,221.78
46.87,220.32
46.9,228.61
46.93,223.78
46.97,230.34
47.0,207.68
47.03,209.75
47.07,214.72
47.1,213.66
47.13,223.96
47.17,210.46
47.2,210.17
47.23,218.38
47.27,219.07
47.3,210.59
47.33,224.77
47.37,211.82
47.4,221.51
47.43,217.25
47.47,225.71
47.5,216.28
47.53,219.94
47.57,220.47
47.6,213.41
47.63,219.26
47.67,213.42
47.7,216.61
47.73,218.77
47.77,215.89
47.8,218.14
47.83,209.71
47.87,218.1
47.9,208.43
47.93,208.76
47.97,208.46
48.0,209.09
48.03,212.75
48.07,221.54
48.1,215.86
48.13,209.16
48.17,217.64
48.2,208.67
48.23,218.32
48.27,217.3
48.3,224.64
48.33,213.03
48.37,213.32
48.4,221.95
48.43,212.97
48.47,218.82
48.5,221.11
48.53,218.46
48.57,211.33
48.6,216.73
48.63,221.54
48.67,221.84
48.7,217.39
48.73,212.5
48.77,209.15
48.8,214.96
48.83,207.92
48.87,217.49
48.9,210.63
48.93,219.85
48.97,215.22
49.0,211.16
49.03,223.23
49.07,222.5
49.1,221.06
49.13,203.29
49.17,212.57
49.2,212.98
49.23,210.73
49.27,211.79
49.3,211.82
49.33,207.73
49.37,204.42
49.4,212.17
49.43,219.39
49.47,216.59
49.5,215.01
49.53,215.44
49.57,217.98
49.6,209.61
49.63,218.12
49.67,217.3
49.7,215.69
49.73,225.53
49.77,218.52
49.8,216.06
49.83,210.51
49.87,216.25
49.9,218.34
49.93,213.45
49.97,213.16
50.0,216.19
50.03,227.0
50.07,220.47
50.1,228.66
50.13,213.19
50.17,217.42
50.2,227.21
50.23,226.62
50.27,226.16
50.3,222.97
50.33,218.91
50.37,214.89
50.4,223.13
50.43,221.54
50.47,226.57
50.5,220.77
50.53,218.74
50.57,217.22
50.6,229.67
50.63,223.42
50.67,224.07
50.7,228.05
50.73,231.83
50.77,221.62
50.8,224.42
50.83,222.86
50.87,227.54
50.9,222.71
50.93,227.71
50.97,222.88
51.0,226.23
51.03,227.89
51.07,223.06
51.1,223.69
51.13,231.74
51.17,218.95
51.2,225.1
51.23,220.77
51.27,218.62
51.3,226.2
51.33,229.15
51.37,220.8
51.4,226.85
51.43,229.58
51.47,231.58
51.5,222.61
51.53,228.24
51.57,225.14
51.6,215.54
51.63,218.48
51.67,222.7
51.7,222.04
51.73,223.47
51.77,216.07
51.8,230.18
51.83,224.85
51.87,228.1
51.9,228.24
51.93,232.64
51.97,225.15
52.0,217.81
52.03,210.19
52.07,215.43
52.1,215.18
52.13,220.49
52.17,214.77
52.2,213.17
52.23,218.77
52.27,212.0
52.3,215.29
52.33,215.42
52.37,221.62
52.4,219.57
52.43,214.74
52.47,213.71
52.5,218.72
52.53,217.08
52.57,212.58
52.6,204.27
52.63,218.06
52.67,219.49
52.7,210.7
52.73,213.96
52.77,212.65
52.8,221.68
52.83,218.86
52.87,213.03
52.9,223.4
52.93,218.15
52.97,220.52
53.0,228.67
53.03,236.66
53.07,229.23
53.1,224.73
53.13,225.26
53.17,228.67
53.2,231.44
53.23,223.28
53.27,223.97
53.3,224.89
53.33,235.01
53.37,224.57
53.4,222.47
53.43,223.98
53.47,229.69
53.5,225.28
53.53,226.03
53.57,227.22
53.6,227.48
53.63,221.84
53.67,217.99
53.7,222.12
53.73,228.78
53.77,223.71
53.8,215.72
53.83,226.91
53.87,224.55
53.9,218.5
53.93,217.4
53.97,218.68
54.0,224.67
54.03,215.27
54.07,228.34
54.1,224.92
54.13,229.1
54.17,220.02
54.2,222.02
54.23,218.79
54.27,228.65
54.3,216.6
54.33,223.81
54.37,226.36
54.4,224.0
54.43,225.05
54.47,230.33
54.5,223.48
54.53,225.39
54.57,223.69
54.6,227.42
54.63,229.77
54.67,229.74
54.7,223.41
54.73,214.84
54.77,233.85
54.8,223.74
54.83,220.94
54.87,225.6
54.9,220.49
54.93,219.06
54.97,217.28
55.0,221.38
55.03,220.85
55.07,216.25
55.1,218.33
55.13,199.58
55.17,211.66
55.2,222.96
55.23,223.46
55.27,210.58
55.3,213.13
55.33,202.53
55.37,223.29
55.4,215.74
55.43,217.8
55.47,211.58
55.5,212.57
55.53,220.18
55.57,219.33
55.6,208.45
55.63,206.85
55.67,209.36
55.7,220.33
55.73,219.03
55.77,212.78
55.8,215.54
55.83,219.69
55.87,216.49
55.9,210.45
55.93,212.1
55.97,215.54
56.0,230.72
56.03,235.07
56.07,219.62
56.1,224.7
56.13,214.29
56.17,225.61
56.2,222.4
56.23,231.69
56.27,215.46
56.3,224.3
56.33,228.19
56.37,227.02
56.4,221.86
56.43,229.27
56.47,224.25
56.5,217.29
56.53,220.66
56.57,234.38
56.6,224.64
56.63,212.44
56.67,222.97
56.7,234.23
56.73,219.46
56.77,227.27
56.8,230.71
56.83,229.28
56.87,223.34
56.9,230.2
56.93,218.22
56.97,220.03
57.0,226.72
57.03,223.8
57.07,218.02
57.1,227.05
57.13,232.59
57.17,225.62
57.2,220.92
57.23,226.67
57.27,219.77
57.3,208.29
57.33,217.63
57.37,217.25
57.4,215.71
57.43,227.58
57.47,220.65
57.5,223.65
57.53,222.53
57.57,224.78
57.6,218.42
57.63,219.39
57.67,225.77
57.7,227.76
57.73,213.52
57.77,224.5
57.8,225.82
57.83,222.63
57.87,223.96
57.9,227.65
57.93,225.27
57.97,220.3
58.0,215.94
58.03,219.97
58.07,211.12
58.1,212.96
58.13,211.8
58.17,214.21
58.2,211.54
58.23,211.32
58.27,217.22
58.3,219.21
58.33,211.66
58.37,210.75
58.4,207.23
58.43,215.78
58.47,219.71
58.5,217.32
58.53,216.0
58.57,217.71
58.6,217.3
58.63,212.23
58.67,213.77
58.7,205.56
58.73,217.73
58.77,218.62
58.8,216.05
58.83,214.08
58.87,212.53
58.9,212.79
58.93,214.46
58.97,211.72
59.0,221.44
59.03,218.27
59.07,221.38
59.1,215.15
59.13,204.87
59.17,218.14
59.2,228.29
59.23,221.98
59.27,213.27
59.3,215.8
59.33,216.26
59.37,212.83
59.4,223.54
59.43,216.72
59.47,221.94
59.5,217.82
59.53,217.96
59.57,213.14
59.6,214.28
59.63,212.2
59.67,222.33
59.7,218.11
59.73,217.9
59.77,214.53
59.8,219.05
59.83,212.98
59.87,213.81
59.9,217.34
59.93,210.11
59.97,218.49
60.0,226.77
60.03,229.72
60.07,217.42
60.1,223.74
60.13,217.7
60.17,221.08
60.2,215.43
60.23,219.24
60.27,228.54
60.3,222.22
60.33,217.33
60.37,216.21
60.4,224.85
60.43,220.4
60.47,217.5
60.5,224.8
60.53,227.59
60.57,226.99
60.6,231.09
60.63,218.17
60.67,226.07
60.7,227.36
60.73,218.53
60.77,228.39
60.8,220.33
60.83,227.32
60.87,228.51
60.9,216.3
60.93,222.63
60.97,220.7
61.0,225.86
61.03,227.97
61.07,221.97
61.1,223.77
61.13,229.93
61.17,220.35
61.2,230.82
61.23,229.32
61.27,226.9
61.3,222.15
61.33,229.37
61.37,224.11
61.4,235.04
61.43,222.73
61.47,224.5
61.5,222.36
61.53,226.81
61.57,218.48
61.6,224.28
61.63,228.95
61.67,223.9
61.7,231.07
61.73,215.16
61.77,234.23
61.8,231.44
61.83,220.69
61.87,239.91
61.9,232.21
61.93,227.77
61.97,230.36
62.0,227.83
62.03,218.98
62.07,212.91
62.1,224.52
62.13,212.21
62.17,210.56
62.2,222.9
62.23,214.48
62.27,214.82
62.3,218.61
62.33,217.91
62.37,216.39
62.4,219.07
62.43,212.74
62.47,211.72
62.5,205.9
62.53,209.11
62.57,216.81
62.6,210.58
62.63,209.46
62.67,213.51
62.7,218.87
62.73,222.26
62.77,224.0
62.8,214.45
62.83,214.97
62.87,216.18
62.9,221.72
62.93,211.19
62.97,215.74
63.0,221.02
63.03,215.6
63.07,215.92
63.1,215.68
63.13,215.31
63.17,223.94
63.2,210.89
63.23,221.65
63.27,214.6
63.3,218.03
63.33,218.29
63.37,216.0
63.4,209.47
63.43,216.92
63.47,225.21
63.5,206.44
63.53,220.42
63.57,203.38
63.6,217.2
63.63,222.12
63.67,211.42
63.7,214.06
63.73,217.27
63.77,216.28
63.8,208.81
63.83,213.6
63.87,216.38
63.9,220.0
63.93,210.83
63.97,207.98
64.0,223.32
64.03,222.39
64.07,231.36
64.1,228.04
64.13,226.2
64.17,216.71
64.2,229.96
64.23,226.71
64.27,230.53
64.3,235.0
64.33,229.01
64.37,225.56
64.4,230.87
64.43,217.52
64.47,225.98
64.5,225.42
64.53,227.62
64.57,226.45
64.6,222.07
64.63,221.32
64.67,220.43
64.7,232.52
64.73,214.91
64.77,223.83
64.8,226.78
64.83,222.01
64.87,223.02
64.9,223.19
64.93,209.52
64.97,236.34
65.0,227.85
65.03,221.57
65.07,218.2
65.1,219.43
65.13,229.64
65.17,227.92
65.2,230.57
65.23,235.2
65.27,224.6
65.3,221.74
65.33,224.13
65.37,229.25
65.4,220.75
65.43,222.62
65.47,216.83
65.5,221.7
65.53,227.44
65.57,229.44
65.6,232.41
65.63,221.69
65.67,224.06
65.7,223.19
65.73,221.09
65.77,226.4
65.8,225.77
65.83,216.5
65.87,218.51
65.9,228.94
65.93,225.11
65.97,224.89
66.0,204.58
66.03,215.78
66.07,216.72
66.1,209.01
66.13,210.96
66.17,211.5
66.2,213.18
66.23,206.18
66.27,207.74
66.3,211.6
66.33,218.49
66.37,209.73
66.4,213.23
66.43,214.77
66.47,208.27
66.5,217.45
66.53,225.34
66.57,211.37
66.6,220.94
66.63,213.34
66.67,211.16
66.7,212.63
66.73,221.87
66.77,218.47
66.8,214.36
66.83,211.32
66.87,213.04
66.9,216.22
66.93,221.97
66.97,220.32
67.0,208.75
67.03,210.04
67.07,215.83
67.1,209.07
67.13,213.5
67.17,215.65
67.2,220.11
67.23,213.53
67.27,217.39
67.3,208.62
67.33,217.91
67.37,212.28
67.4,212.68
67.43,218.53
67.47,218.37
67.5,211.69
67.53,218.9
67.57,216.23
67.6,218.7
67.63,210.85
67.67,214.07
67.7,208.36
67.73,214.99
67.77,217.56
67.8,216.59
67.83,220.75
67.87,225.78
67.9,211.67
67.93,207.65
67.97,219.29
68.0,222.26
68.03,222.22
68.07,216.63
68.1,214.26
68.13,219.01
68.17,201.72
68.2,214.68
68.23,220.85
68.27,219.12
68.3,211.11
68.33,211.63
68.37,210.87
68.4,206.86
68.43,214.72
68.47,208.63
68.5,221.9
68.53,202.37
68.57,213.33
68.6,218.25
68.63,213.12
68.67,219.76
68.7,214.35
68.73,213.83
68.77,216.85
68.8,224.95
68.83,210.41
68.87,227.43
68.9,219.13
68.93,203.03
68.97,214.72
69.0,224.31
69.03,224.32
69.07,227.81
69.1,234.42
69.13,224.16
69.17,226.27
69.2,228.06
69.23,222.65
69.27,219.41
69.3,228.83
69.33,219.8
69.37,219.91
69.4,225.86
69.43,226.87
69.47,223.57
69.5,225.45
69.53,214.25
69.57,230.01
69.6,231.38
69.63,226.11
69.67,226.07
69.7,220.24
69.73,226.11
69.77,226.41
69.8,217.96
69.83,215.84
69.87,235.6
69.9,231.09
69.93,225.31
69.97,225.69
70.0,227.4
70.03,221.81
70.07,222.18
70.1,226.07
70.13,225.34
70.17,226.43
70.2,230.91
70.23,226.82
70.27,226.66
70.3,219.9
70.33,218.57
70.37,226.73
70.4,232.14
70.43,223.36
70.47,220.64
70.5,218.25
70.53,219.35
70.57,220.57
70.6,230.79
70.63,220.6
70.67,223.75
70.7,227.55
70.73,224.58
70.77,223.18
70.8,220.64
70.83,225.26
70.87,229.22
70.9,219.04
70.93,220.62
70.97,233.82
71.0,219.67
71.03,203.34
71.07,215.37
71.1,223.27
71.13,207.56
71.17,215.42
71.2,208.19
71.23,217.9
71.27,214.4
71.3,211.34
71.33,211.53
71.37,213.89
71.4,220.78
71.43,208.04
71.47,219.62
71.5,222.08
71.53,221.81
71.57,219.22
71.6,217.04
71.63,218.1
71.67,214.26
71.7,213.3
71.73,218.79
71.77,205.15
71.8,206.1
71.83,214.5
71.87,215.41
71.9,205.58
71.93,222.17
71.97,220.67
72.0,214.73
72.03,217.07
72.07,211.99
72.1,214.61
72.13,212.37
72.17,223.01
72.2,216.51
72.23,206.88
72.27,217.09
72.3,211.67
72.33,221.7
72.37,213.98
72.4,212.29
72.43,214.93
72.47,214.11
72.5,208.84
72.53,201.95
72.57,220.6
72.6,213.84
72.63,214.54
72.67,217.92
72.7,219.03
72.73,211.49
72.77,213.37
72.8,216.75
72.83,230.54
72.87,217.29
72.9,221.53
72.93,226.32
72.97,217.31
73.0,206.92
73.03,205.75
73.07,226.4
73.1,220.48
73.13,215.64
73.17,219.43
73.2,215.37
73.23,212.55
73.27,223.12
73.3,224.28
73.33,210.02
73.37,210.37
73.4,210.79
73.43,225.14
73.47,214.33
73.5,215.32
73.53,213.54
73.57,216.64
73.6,207.21
73.63,217.25
73.67,213.07
73.7,212.98
73.73,215.29
73.77,220.91
73.8,216.27
73.83,209.32
73.87,226.39
73.9,209.73
73.93,208.66
73.97,213.33
74.0,223.12
74.03,218.94
74.07,230.01
74.1,223.88
74.13,218.35
74.17,229.05
74.2,215.09
74.23,227.14
74.27,226.54
74.3,234.43
74.33,223.16
74.37,232.41
74.4,224.46
74.43,232.44
74.47,223.88
74.5,221.56
74.53,241.2
74.57,223.57
74.6,218.46
74.63,224.21
74.67,228.03
74.7,220.79
74.73,220.71
74.77,221.6
74.8,218.87
74.83,216.73
74.87,225.06
74.9,230.87
74.93,224.43
74.97,226.47
75.0,219.64
75.03,212.39
75.07,215.17
75.1,212.53
75.13,216.78
75.17,208.79
75.2,218.69
75.23,212.99
75.27,213.41
75.3,214.04
75.33,218.94
75.37,208.03
75.4,207.49
75.43,213.13
75.47,212.75
75.5,213.5
75.53,215.31
75.57,206.01
75.6,221.23
75.63,215.49
75.67,209.07
75.7,210.86
75.73,225.14
75.77,214.66
75.8,218.95
75.83,204.98
75.87,214.29
75.9,217.12
75.93,219.51
75.97,224.04
76.0,224.23
76.03,235.15
76.07,223.54
76.1,218.11
76.13,226.62
76.17,225.64
76.2,225.91
76.23,222.97
76.27,225.3
76.3,226.39
76.33,228.72
76.37,230.07
76.4,222.75
76.43,238.6
76.47,223.18
76.5,237.42
76.53,220.56
76.57,226.63
76.6,229.94
76.63,219.8
76.67,229.6
76.7,216.34
76.73,219.32
76.77,232.97
76.8,227.98
76.83,219.27
76.87,215.86
76.9,220.1
76.93,220.08
76.97,230.92
77.0,217.8
77.03,224.16
77.07,218.84
77.1,219.29
77.13,224.61
77.17,223.06
77.2,224.11
77.23,227.96
77.27,225.82
77.3,214.04
77.33,231.67
77.37,222.74
77.4,220.97
77.43,225.96
77.47,219.15
77.5,231.63
77.53,232.02
77.57,233.66
77.6,226.54
77.63,227.76
77.67,224.72
77.7,228.15
77.73,229.38
77.77,227.89
77.8,222.59
77.83,223.13
77.87,225.77
77.9,227.08
77.93,226.67
77.97,227.97
78.0,223.48
78.03,235.2
78.07,222.16
78.1,226.53
78.13,219.09
78.17,223.14
78.2,222.01
78.23,222.01
78.27,216.84
78.3,219.91
78.33,214.74
78.37,225.15
78.4,230.32
78.43,229.25
78.47,226.3
78.5,217.59
78.53,220.94
78.57,232.17
78.6,223.94
78.63,232.64
78.67,229.86
78.7,223.16
78.73,217.81
78.77,229.28
78.8,224.52
78.83,223.79
78.87,224.51
78.9,211.44
78.93,220.85
78.97,224.0
79.0,206.79
79.03,217.84
79.07,212.41
79.1,222.81
79.13,216.86
79.17,209.9
79.2,218.41
79.23,213.71
79.27,225.27
79.3,210.93
79.33,213.72
79.37,213.0
79.4,214.9
79.43,209.33
79.47,208.92
79.5,219.4
79.53,216.36
79.57,214.95
79.6,217.26
79.63,211.86
79.67,216.81
79.7,216.81
79.73,227.06
79.77,221.71
79.8,215.09
79.83,211.31
79.87,210.76
79.9,216.03
79.93,220.79
79.97,213.24
80.0,218.25
80.03,211.43
80.07,219.06
80.1,208.44
80.13,213.21
80.17,212.35
80.2,217.45
80.23,213.19
80.27,212.86
80.3,216.43
80.33,214.77
80.37,214.78
80.4,213.08
80.43,210.77
80.47,207.61
80.5,210.34
80.53,215.72
80.57,218.46
80.6,222.36
80.63,210.85
80.67,217.24
80.7,221.95
80.73,227.06
80.77,213.2
80.8,212.91
80.83,210.39
80.87,227.54
80.9,215.07
80.93,222.41
80.97,215.41
81.0,218.38
81.03,223.22
81.07,228.05
81.1,222.48
81.13,230.14
81.17,224.38
81.2,225.7
81.23,223.76
81.27,220.8
81.3,226.97
81.33,213.89
81.37,224.84
81.4,229.37
81.43,219.22
81.47,225.59
81.5,224.34
81.53,221.27
81.57,218.15
81.6,215.06
81.63,228.21
81.67,223.74
81.7,222.16
81.73,231.46
81.77,223.26
81.8,218.75
81.83,221.65
81.87,220.03
81.9,229.84
81.93,219.44
81.97,224.73
82.0,218.59
82.03,216.13
82.07,209.29
82.1,217.07
82.13,221.0
82.17,215.38
82.2,209.22
82.23,213.35
82.27,220.03
82.3,215.96
82.33,216.23
82.37,222.89
82.4,228.78
82.43,211.61
82.47,217.01
82.5,218.97
82.53,215.09
82.57,219.51
82.6,211.85
82.63,215.65
82.67,219.69
82.7,221.4
82.73,216.68
82.77,207.96
82.8,210.93
82.83,212.9
82.87,215.43
82.9,211.52
82.93,223.92
82.97,212.99
83.0,224.2
83.03,217.96
83.07,212.12
83.1,209.96
83.13,206.68
83.17,222.2
83.2,215.65
83.23,214.89
83.27,208.97
83.3,226.09
83.33,209.09
83.37,218.07
83.4,210.0
83.43,201.08
83.47,218.48
83.5,224.11
83.53,214.64
83.57,214.41
83.6,220.46
83.63,213.48
83.67,217.66
83.7,212.63
83.73,219.26
83.77,214.54
83.8,217.64
83.83,221.54
83.87,210.33
83.9,219.23
83.93,219.28
83.97,211.46
84.0,224.39
84.03,225.75
84.07,224.89
84.1,222.87
84.13,235.6
84.17,230.04
84.2,222.25
84.23,221.01
84.27,226.95
84.3,222.66
84.33,227.94
84.37,217.03
84.4,224.78
84.43,236.2
84.47,223.9
84.5,226.06
84.53,216.1
84.57,227.12
84.6,227.25
84.63,225.98
84.67,221.81
84.7,228.22
84.73,226.25
84.77,231.95
84.8,214.76
84.83,225.2
84.87,224.33
84.9,220.42
84.93,225.41
84.97,227.21
85.0,224.25
85.03,228.26
85.07,230.0
85.1,225.83
85.13,222.81
85.17,222.43
85.2,233.06
85.23,222.81
85.27,222.75
85.3,235.04
85.33,226.48
85.37,220.59
85.4,216.6
85.43,239.09
85.47,226.46
85.5,227.9
85.53,223.4
85.57,232.92
85.6,220.01
85.63,226.0
85.67,220.75
85.7,220.59
85.73,229.01
85.77,231.16
85.8,227.15
85.83,228.81
85.87,232.85
85.9,228.93
85.93,222.06
85.97,218.09
86.0,221.96
86.03,222.23
86.07,224.47
86.1,222.63
86.13,221.28
86.17,218.17
86.2,226.27
86.23,228.08
86.27,224.05
86.3,227.48
86.33,221.14
86.37,226.39
86.4,230.99
86.43,227.92
86.47,220.64
86.5,232.48
86.53,227.65
86.57,220.23
86.6,223.2
86.63,230.56
86.67,219.17
86.7,233.16
86.73,230.93
86.77,228.01
86.8,218.47
86.83,231.53
86.87,226.23
86.9,231.61
86.93,224.13
86.97,220.41
87.0,223.37
87.03,216.88
87.07,215.03
87.1,213.71
87.13,209.0
87.17,214.55
87.2,218.52
87.23,215.93
87.27,215.58
87.3,211.44
87.33,220.35
87.37,211.42
87.4,216.05
87.43,213.43
87.47,221.5
87.5,205.83
87.53,218.85
87.57,213.06
87.6,214.4
87.63,217.11
87.67,213.85
87.7,210.6
87.73,213.45
87.77,220.75
87.8,204.69
87.83,221.07
87.87,212.25
87.9,206.77
87.93,212.12
87.97,220.82
88.0,224.91
88.03,220.08
88.07,229.75
88.1,220.78
88.13,231.63
88.17,220.98
88.2,226.36
88.23,219.4
88.27,217.12
88.3,213.5
88.33,221.95
88.37,219.96
88.4,224.4
88.43,225.66
88.47,224.79
88.5,223.45
88.53,225.57
88.57,221.51
88.6,224.04
88.63,225.52
88.67,228.17
88.7,229.99
88.73,223.45
88.77,225.9
88.8,222.56
88.83,217.24
88.87,226.3
88.9,229.62
88.93,224.44
88.97,231.62
89.0,216.33
89.03,220.67
89.07,209.21
89.1,210.67
89.13,205.49
89.17,218.89
89.2,212.75
89.23,215.85
89.27,218.26
89.3,224.42
89.33,210.26
89.37,219.15
89.4,212.79
89.43,208.28
89.47,216.72
89.5,221.56
89.53,226.79
89.57,220.38
89.6,216.63
89.63,206.78
89.67,208.91
89.7,212.2
89.73,206.96
89.77,218.98
89.8,223.87
89.83,215.24
89.87,213.81
89.9,211.69
89.93,212.32
89.97,216.11
90.0,211.82
90.03,213.8
90.07,207.64
90.1,219.72
90.13,215.72
90.17,216.06
90.2,222.17
90.23,210.46
90.27,211.77
90.3,211.73
90.33,213.08
90.37,215.03
90.4,216.03
90.43,211.53
90.47,215.39
90.5,214.74
90.53,208.37
90.57,203.09
90.6,212.12
90.63,211.76
90.67,207.16
90.7,217.86
90.73,210.4
90.77,211.59
90.8,227.81
90.83,218.52
90.87,212.91
90.9,217.14
90.93,215.27
90.97,217.75
91.0,212.86
91.03,223.69
91.07,216.56
91.1,215.07
91.13,215.78
91.17,211.63
91.2,210.65
91.23,219.53
91.27,214.4
91.3,211.54
91.33,214.72
91.37,211.06
91.4,215.52
91.43,217.3
91.47,219.43
91.5,222.1
91.53,212.49
91.57,210.23
91.6,218.68
91.63,213.36
91.67,219.52
91.7,216.44
91.73,207.1
91.77,210.94
91.8,210.4
91.83,205.56
91.87,213.99
91.9,208.65
91.93,220.89
91.97,203.39
92.0,230.43
92.03,231.98
92.07,231.78
92.1,220.3
92.13,226.1
92.17,218.94
92.2,225.5
92.23,221.77
92.27,231.11
92.3,228.69
92.33,237.53
92.37,220.61
92.4,221.68
92.43,226.95
92.47,219.87
92.5,213.16
92.53,229.6
92.57,222.0
92.6,221.18
92.63,224.82
92.67,219.68
92.7,227.48
92.73,215.14
92.77,220.01
92.8,221.01
92.83,218.61
92.87,223.37
92.9,224.06
92.93,223.24
92.97,220.12
93.0,229.15
93.03,219.57
93.07,227.41
93.1,231.29
93.13,221.58
93.17,217.46
93.2,230.64
93.23,232.74
93.27,224.92
93.3,224.93
93.33,219.92
93.37,230.66
93.4,222.76
93.43,228.41
93.47,214.98
93.5,223.45
93.53,222.42
93.57,225.42
93.6,224.37
93.63,221.22
93.67,226.86
93.7,225.06
93.73,223.17
93.77,227.43
93.8,219.14
93.83,227.23
93.87,225.9
93.9,228.16
93.93,224.47
93.97,219.63
94.0,215.34
94.03,210.62
94.07,217.12
94.1,213.15
94.13,215.38
94.17,212.41
94.2,226.06
94.23,215.05
94.27,208.34
94.3,218.85
94.33,216.56
94.37,214.07
94.4,213.54
94.43,209.76
94.47,211.79
94.5,221.16
94.53,210.36
94.57,221.57
94.6,201.94
94.63,211.53
94.67,217.05
94.7,218.93
94.73,214.8
94.77,210.31
94.8,203.99
94.83,219.41
94.87,225.31
94.9,225.23
94.93,210.96
94.97,214.93
95.0,221.4
95.03,208.22
95.07,215.8
95.1,220.91
95.13,213.97
95.17,217.3
95.2,208.03
95.23,214.16
95.27,219.64
95.3,216.33
95.33,214.87
95.37,213.46
95.4,208.64
95.43,221.98
95.47,214.18
95.5,209.76
95.53,217.32
95.57,220.33
95.6,208.31
95.63,224.07
95.67,209.39
95.7,217.16
95.73,213.63
95.77,209.19
95.8,211.86
95.83,210.76
95.87,212.87
95.9,223.13
95.93,217.97
95.97,209.91
96.0,229.73
96.03,226.27
96.07,222.47
96.1,221.38
96.13,224.94
96.17,227.89
96.2,228.27
96.23,216.91
96.27,230.61
96.3,221.72
96.33,222.34
96.37,227.76
96.4,221.81
96.43,223.73
96.47,228.82
96.5,218.19
96.53,223.26
96.57,227.22
96.6,231.9
96.63,222.71
96.67,228.17
96.7,226.89
96.73,228.92
96.77,226.11
96.8,225.37
96.83,222.05
96.87,220.76
96.9,226.84
96.93,224.43
96.97,220.13
97.0,217.84
97.03,220.42
97.07,220.72
97.1,227.08
97.13,229.58
97.17,215.65
97.2,230.51
97.23,222.05
97.27,233.17
97.3,222.14
97.33,233.16
97.37,218.83
97.4,224.08
97.43,226.64
97.47,229.31
97.5,218.78
97.53,229.48
97.57,234.21
97.6,226.59
97.63,226.2
97.67,231.15
97.7,224.68
97.73,233.62
97.77,228.18
97.8,216.56
97.83,226.15
97.87,234.18
97.9,224.79
97.93,214.3
97.97,226.15
98.0,217.84
98.03,217.24
98.07,215.1
98.1,212.22
98.13,209.83
98.17,221.24
98.2,215.92
98.23,214.15
98.27,209.87
98.3,214.02
98.33,220.42
98.37,205.93
98.4,218.17
98.43,212.81
98.47,220.05
98.5,210.47
98.53,220.87
98.57,215.28
98.6,223.35
98.63,207.38
98.67,204.52
98.7,212.42
98.73,206.79
98.77,215.28
98.8,210.27
98.83,219.15
98.87,208.17
98.9,220.85
98.93,212.88
98.97,215.55
99.0,215.34
99.03,218.99
99.07,208.21
99.1,219.18
99.13,229.48
99.17,214.38
99.2,214.63
99.23,215.19
99.27,215.26
99.3,210.76
99.33,212.94
99.37,223.37
99.4,213.07
99.43,219.79
99.47,206.64
99.5,211.48
99.53,214.15
99.57,212.07
99.6,214.75
99.63,209.41
99.67,209.1
99.7,215.91
99.73,210.87
99.77,213.21
99.8,214.07
99.83,221.21
99.87,216.03
99.9,202.75
99.93,216.77
99.97,214.98
100.0,222.15
100.03,218.82
100.07,213.49
100.1,217.68
100.13,214.28
100.17,214.32
100.2,216.81
100.23,214.89
100.27,211.71
100.3,226.78
100.33,206.03
100.37,221.7
100.4,213.34
100.43,211.75
100.47,211.1
100.5,216.67
100.53,219.05
100.57,216.76
100.6,211.47
100.63,216.58
100.67,214.75
100.7,211.04
100.73,206.93
100.77,214.12
100.8,209.38
100.83,222.18
100.87,213.1
100.9,215.4
100.93,212.81
100.97,214.23
101.0,219.24
101.03,226.85
101.07,228.33
101.1,225.38
101.13,224.52
101.17,227.61
101.2,228.24
101.23,229.03
101.27,230.7
101.3,218.0
101.33,228.55
101.37,220.15
101.4,222.73
101.43,224.5
101.47,222.44
101.5,221.02
101.53,221.78
101.57,231.8
101.6,217.22
101.63,233.19
101.67,223.11
101.7,225.8
101.73,230.11
101.77,219.23
101.8,229.99
101.83,232.96
101.87,219.09
101.9,229.51
101.93,224.38
101.97,224.92
102.0,227.54
102.03,226.68
102.07,223.12
102.1,234.5
102.13,226.18
102.17,216.62
102.2,220.84
102.23,212.77
102.27,225.77
102.3,223.38
102.33,224.91
102.37,239.76
102.4,227.69
102.43,225.32
102.47,222.32
102.5,235.31
102.53,221.51
102.57,225.02
102.6,229.02
102.63,227.22
102.67,226.27
102.7,221.13
102.73,225.77
102.77,220.69
102.8,225.86
102.83,217.64
102.87,231.37
102.9,226.93
102.93,225.34
102.97,227.49
103.0,220.34
103.03,221.48
103.07,222.97
103.1,221.84
103.13,209.68
103.17,216.28
103.2,221.16
103.23,214.67
103.27,217.75
103.3,219.16
103.33,212.77
103.37,215.94
103.4,214.15
103.43,214.09
103.47,208.36
103.5,214.76
103.53,213.83
103.57,207.12
103.6,215.39
103.63,219.43
103.67,216.92
103.7,221.06
103.73,213.78
103.77,208.56
103.8,213.68
103.83,213.02
103.87,217.65
103.9,211.48
103.93,209.32
103.97,218.72
104.0,207.69
104.03,204.82
104.07,209.59
104.1,220.38
104.13,208.49
104.17,210.73
104.2,207.1
104.23,210.99
104.27,215.63
104.3,213.52
104.33,209.28
104.37,216.42
104.4,218.72
104.43,213.3
104.47,208.5
104.5,218.62
104.53,214.47
104.57,214.76
104.6,212.28
104.63,210.82
104.67,213.85
104.7,211.33
104.73,209.52
104.77,218.32
104.8,225.27
104.83,215.7
104.87,214.95
104.9,220.19
104.93,215.85
104.97,220.04
105.0,218.75
105.03,222.66
105.07,216.3
105.1,205.48
105.13,215.02
105.17,209.82
105.2,211.88
105.23,217.75
105.27,220.46
105.3,205.83
105.33,219.86
105.37,219.31
105.4,213.34
105.43,215.7
105.47,215.26
105.5,202.92
105.53,214.91
105.57,212.99
105.6,218.26
105.63,224.14
105.67,214.83
105.7,209.02
105.73,215.31
105.77,218.34
105.8,212.3
105.83,216.28
105.87,210.16
105.9,211.07
105.93,218.63
105.97,221.53
106.0,223.53
106.03,233.98
106.07,228.55
106.1,220.5
106.13,228.15
106.17,231.59
106.2,217.11
106.23,230.05
106.27,227.2
106.3,221.61
106.33,223.72
106.37,224.95
106.4,219.38
106.43,229.7
106.47,222.06
106.5,217.39
106.53,231.79
106.57,224.81
106.6,224.59
106.63,219.5
106.67,225.52
106.7,226.37
106.73,219.3
106.77,224.33
106.8,223.66
106.83,222.25
106.87,227.37
106.9,239.75
106.93,233.67
106.97,221.32
107.0,223.18
107.03,217.26
107.07,216.43
107.1,221.06
107.13,213.87
107.17,216.7
107.2,220.85
107.23,224.43
107.27,212.39
107.3,216.22
107.33,217.01
107.37,215.14
107.4,215.69
107.43,216.65
107.47,206.81
107.5,215.16
107.53,213.18
107.57,213.74
107.6,208.69
107.63,206.09
107.67,224.58
107.7,218.89
107.73,209.63
107.77,210.73
107.8,218.43
107.83,215.08
107.87,213.52
107.9,213.1
107.93,206.71
107.97,218.75
108.0,228.81
108.03,230.03
108.07,225.95
108.1,222.64
108.13,227.75
108.17,222.91
108.2,226.62
108.23,223.43
108.27,225.79
108.3,235.92
108.33,229.28
108.37,228.61
108.4,221.41
108.43,226.16
108.47,229.92
108.5,220.44
108.53,224.67
108.57,223.65
108.6,224.02
108.63,221.12
108.67,229.27
108.7,233.6
108.73,220.65
108.77,223.37
108.8,225.7
108.83,214.26
108.87,222.9
108.9,231.17
108.93,220.45
108.97,236.67
109.0,221.82
109.03,222.08
109.07,230.99
109.1,231.16
109.13,222.23
109.17,224.09
109.2,233.27
109.23,221.71
109.27,222.34
109.3,218.31
109.33,228.62
109.37,220.73
109.4,230.38
109.43,228.27
109.47,232.65
109.5,229.19
109.53,231.31
109.57,232.41
109.6,224.71
109.63,228.35
109.67,222.65
109.7,220.89
109.73,231.04
109.77,226.89
109.8,224.35
109.83,215.15
109.87,224.64
109.9,227.07
109.93,234.9
109.97,217.85
110.0,229.57
110.03,214.7
110.07,228.52
110.1,221.6
110.13,227.83
110.17,229.76
110.2,235.91
110.23,228.5
110.27,227.94
110.3,228.54
110.33,224.5
110.37,233.65
110.4,227.51
110.43,228.74
110.47,216.57
110.5,230.55
110.53,221.58
110.57,219.34
110.6,224.76
110.63,221.02
110.67,224.05
110.7,222.09
110.73,232.8
110.77,233.16
110.8,228.27
110.83,222.06
110.87,215.87
110.9,230.12
110.93,215.72
110.97,223.84
111.0,220.92
111.03,207.53
111.07,214.19
111.1,207.22
111.13,221.46
111.17,209.11
111.2,211.41
111.23,218.21
111.27,210.36
111.3,209.31
111.33,207.57
111.37,211.32
111.4,220.84
111.43,217.18
111.47,207.97
111.5,211.3
111.53,216.32
111.57,214.39
111.6,214.27
111.63,206.24
111.67,214.77
111.7,222.73
111.73,212.66
111.77,214.17
111.8,211.8
111.83,214.0
111.87,222.32
111.9,219.35
111.93,217.54
111.97,218.04
112.0,219.74
112.03,227.4
112.07,205.28
112.1,210.64
112.13,211.23
112.17,208.43
112.2,224.89
112.23,214.65
112.27,216.9
112.3,212.91
112.33,217.25
112.37,221.19
112.4,213.41
112.43,212.76
112.47,221.0
112.5,212.36
112.53,228.26
112.57,213.83
112.6,215.54
112.63,207.12
112.67,220.85
112.7,216.77
112.73,219.06
112.77,212.5
112.8,207.87
112.83,221.17
112.87,219.93
112.9,210.38
112.93,218.21
112.97,212.88
113.0,232.28
113.03,231.66
113.07,223.88
113.1,229.47
113.13,233.42
113.17,222.28
113.2,219.1
113.23,215.71
113.27,217.0
113.3,237.52
113.33,229.0
113.37,223.81
113.4,216.34
113.43,215.79
113.47,221.22
113.5,225.38
113.53,229.85
113.57,224.13
113.6,225.09
113.63,224.5
113.67,229.77
113.7,224.91
113.73,226.35
113.77,222.46
113.8,225.98
113.83,222.22
113.87,227.07
113.9,211.08
113.93,229.39
113.97,225.14
114.0,230.62
114.03,227.74
114.07,219.56
114.1,225.26
114.13,227.37
114.17,226.46
114.2,224.3
114.23,230.51
114.27,231.09
114.3,221.11
114.33,227.46
114.37,230.35
114.4,233.98
114.43,228.25
114.47,226.81
114.5,225.86
114.53,226.6
114.57,220.53
114.6,226.53
114.63,214.11
114.67,219.28
114.7,221.24
114.73,220.81
114.77,228.4
114.8,221.98
114.83,224.3
114.87,226.24
114.9,228.23
114.93,226.21
114.97,234.19
115.0,207.29
115.03,210.44
115.07,219.26
115.1,224.23
115.13,212.7
115.17,213.82
115.2,225.58
115.23,215.36
115.27,214.1
115.3,218.07
115.33,207.05
115.37,218.94
115.4,218.03
115.43,204.74
115.47,205.23
115.5,216.83
115.53,211.29
115.57,221.31
115.6,212.77
115.63,216.37
115.67,209.85
115.7,212.97
115.73,219.93
115.77,209.52
115.8,208.13
115.83,212.78
115.87,222.43
115.9,215.57
115.93,222.29
115.97,223.26
116.0,215.63
116.03,215.04
116.07,214.87
116.1,211.59
116.13,217.68
116.17,216.27
116.2,212.43
116.23,215.14
116.27,222.55
116.3,224.97
116.33,212.18
116.37,212.02
116.4,218.53
116.43,218.18
116.47,212.73
116.5,211.54
116.53,216.88
116.57,214.27
116.6,211.33
116.63,224.61
116.67,215.55
116.7,211.13
116.73,212.91
116.77,220.22
116.8,218.08
116.83,209.48
116.87,212.71
116.9,212.71
116.93,219.38
116.97,215.04
117.0,221.03
117.03,228.77
117.07,226.51
117.1,229.11
117.13,234.26
117.17,217.52
117.2,222.64
117.23,224.84
117.27,220.4
117.3,213.66
117.33,234.9
117.37,224.08
117.4,216.49
117.43,219.22
117.47,234.98
117.5,233.74
117.53,214.95
117.57,214.95
117.6,222.25
117.63,235.78
117.67,225.32
117.7,231.53
117.73,228.13
117.77,221.9
117.8,224.57
117.83,221.71
117.87,234.72
117.9,216.92
117.93,228.41
117.97,221.62
118.0,221.87
118.03,226.69
118.07,223.69
118.1,228.39
118.13,234.23
118.17,232.06
118.2,227.56
118.23,228.01
118.27,221.42
118.3,217.47
118.33,223.47
118.37,232.04
118.4,225.06
118.43,227.81
118.47,225.62
118.5,223.98
118.53,225.37
118.57,229.68
118.6,224.34
118.63,220.09
118.67,226.46
118.7,232.01
118.73,219.35
118.77,236.25
118.8,223.27
118.83,227.07
118.87,220.27
118.9,223.42
118.93,216.02
118.97,224.78
119.0,212.85
119.03,214.17
119.07,216.02
119.1,218.88
119.13,217.5
119.17,207.76
119.2,211.02
119.23,222.87
119.27,215.92
119.3,215.07
119.33,211.46
119.37,215.99
119.4,214.52
119.43,212.32
119.47,214.63
119.5,208.85
119.53,215.56
119.57,214.7
119.6,216.22
119.63,221.96
119.67,210.25
119.7,219.32
119.73,218.7
119.77,220.29
119.8,209.19
119.83,215.51
119.87,210.5
119.9,210.8
119.93,211.97
119.97,224.56
120.0,222.06
120.03,231.39
120.07,225.09
120.1,225.72
120.13,222.4
120.17,226.62
120.2,224.67
120.23,227.11
120.27,216.49
120.3,234.33
120.33,237.67
120.37,230.22
120.4,230.45
120.43,219.43
120.47,225.22
120.5,228.49
120.53,222.71
120.57,226.93
120.6,223.45
120.63,218.75
120.67,220.84
120.7,230.55
120.73,234.94
120.77,218.56
120.8,225.6
120.83,226.35
120.87,230.67
120.9,231.18
120.93,223.54
120.97,221.85
121.0,213.8
121.03,211.5
121.07,215.35
121.1,210.36
121.13,222.24
121.17,210.84
121.2,204.57
121.23,218.44
121.27,212.69
121.3,218.08
121.33,216.07
121.37,217.53
121.4,216.78
121.43,215.84
121.47,219.72
121.5,211.88
121.53,210.75
121.57,210.85
121.6,216.61
121.63,213.21
121.67,215.31
121.7,213.03
121.73,217.01
121.77,205.91
121.8,215.24
121.83,205.54
121.87,222.89
121.9,214.63
121.93,222.02
121.97,216.22
122.0,224.53
122.03,220.35
122.07,219.26
122.1,227.56
122.13,225.83
122.17,220.93
122.2,219.72
122.23,228.86
122.27,233.98
122.3,217.71
122.33,225.41
122.37,221.62
122.4,220.68
122.43,220.01
122.47,227.01
122.5,228.26
122.53,226.68
122.57,215.63
122.6,220.72
122.63,231.8
122.67,224.3
122.7,220.29
122.73,223.8
122.77,219.91
122.8,221.27
122.83,223.35
122.87,224.36
122.9,218.25
122.93,217.8
122.97,221.91
123.0,219.71
123.03,224.67
123.07,232.62
123.1,223.85
123.13,226.4
123.17,224.74
123.2,231.54
123.23,223.67
123.27,223.26
123.3,224.69
123.33,228.71
123.37,234.6
123.4,230.68
123.43,222.76
123.47,230.96
123.5,235.3
123.53,226.53
123.57,221.75
123.6,231.67
123.63,229.66
123.67,222.92
123.7,224.78
123.73,221.88
123.77,216.87
123.8,223.7
123.83,223.07
123.87,223.69
123.9,227.79
123.93,224.69
123.97,216.76
124.0,235.23
124.03,219.21
124.07,219.5
124.1,218.19
124.13,229.72
124.17,223.37
124.2,232.75
124.23,222.97
124.27,222.13
124.3,228.22
124.33,232.01
124.37,227.41
124.4,226.61
124.43,227.82
124.47,219.99
124.5,215.62
124.53,234.8
124.57,225.24
124.6,229.9
124.63,228.46
124.67,219.68
124.7,227.85
124.73,223.1
124.77,225.44
124.8,235.26
124.83,216.27
124.87,230.61
124.9,229.53
124.93,231.99
124.97,229.22
125.0,226.86
125.03,221.14
125.07,225.53
125.1,228.3
125.13,224.71
125.17,232.09
125.2,221.07
125.23,220.95
125.27,228.89
125.3,224.27
125.33,226.56
125.37,224.58
125.4,229.68
125.43,214.72
125.47,220.02
125.5,222.98
125.53,229.95
125.57,223.8
125.6,224.02
125.63,227.96
125.67,231.76
125.7,230.83
125.73,222.44
125.77,232.39
125.8,227.96
125.83,220.54
125.87,226.21
125.9,219.26
125.93,224.78
125.97,219.39
126.0,226.08
126.03,212.29
126.07,222.72
126.1,219.78
126.13,215.48
126.17,220.53
126.2,224.64
126.23,217.42
126.27,221.91
126.3,226.99
126.33,216.4
126.37,226.35
126.4,222.04
126.43,225.52
126.47,237.13
126.5,227.97
126.53,224.24
126.57,222.59
126.6,235.55
126.63,223.84
126.67,214.22
126.7,223.78
126.73,224.19
126.77,226.37
126.8,227.04
126.83,237.44
126.87,222.17
126.9,222.59
126.93,217.35
126.97,221.14
127.0,211.62
127.03,209.54
127.07,214.81
127.1,211.9
127.13,222.69
127.17,222.92
127.2,207.45
127.23,219.67
127.27,219.56
127.3,218.08
127.33,216.43
127.37,215.24
127.4,207.66
127.43,217.25
127.47,220.51
127.5,221.74
127.53,204.77
127.57,216.81
127.6,211.1
127.63,205.05
127.67,210.49
127.7,221.2
127.73,212.66
127.77,213.38
127.8,219.69
127.83,210.19
127.87,215.03
127.9,207.49
127.93,218.55
127.97,217.91
